model,mae,rmse,r2
word2vec_ridge,0.273250937461853,0.36649801573274754,0.06963950395584106
